{"nectarSlider":0.0,"aggressionSlider":1.0,"position":{"x":-74.00330352783203,"y":3.9000000953674318,"z":-1.8949685096740723}}